"","Track","Position","No","Driver","Team","Starting Grid","Laps","Time/Retired","Points","+1 Pt","Fastest Lap"
"1","Bahrain","1",16,"Charles Leclerc","Ferrari",1,57,"1:37:33.584",26,"Yes",01:34:00
"2","Bahrain","2",55,"Carlos Sainz","Ferrari",3,57,"+5.598",18,"No",01:35:00
"3","Bahrain","3",44,"Lewis Hamilton","Mercedes",5,57,"+9.675",15,"No",01:36:00
"4","Bahrain","4",63,"George Russell","Mercedes",9,57,"+11.211",12,"No",01:36:00
"5","Bahrain","5",20,"Kevin Magnussen","Haas Ferrari",7,57,"+14.754",10,"No",01:36:00
"6","Bahrain","6",77,"Valtteri Bottas","Alfa Romeo Ferrari",6,57,"+16.119",8,"No",01:36:00
"7","Bahrain","7",31,"Esteban Ocon","Alpine Renault",11,57,"+19.423",6,"No",01:37:00
"8","Bahrain","8",22,"Yuki Tsunoda","AlphaTauri RBPT",16,57,"+20.386",4,"No",01:37:00
"9","Bahrain","9",14,"Fernando Alonso","Alpine Renault",8,57,"+22.390",2,"No",01:36:00
"10","Bahrain","10",24,"Guanyu Zhou","Alfa Romeo Ferrari",15,57,"+23.064",1,"No",01:36:00
"11","Bahrain","11",47,"Mick Schumacher","Haas Ferrari",12,57,"+32.574",0,"No",01:36:00
"12","Bahrain","12",18,"Lance Stroll","Aston Martin Aramco Mercedes",19,57,"+45.873",0,"No",01:37:00
"13","Bahrain","13",23,"Alexander Albon","Williams Mercedes",14,57,"+53.932",0,"No",01:37:00
"14","Bahrain","14",3,"Daniel Ricciardo","McLaren Mercedes",18,57,"+54.975",0,"No",01:37:00
"15","Bahrain","15",4,"Lando Norris","McLaren Mercedes",13,57,"+56.335",0,"No",01:36:00
"16","Bahrain","16",6,"Nicholas Latifi","Williams Mercedes",20,57,"+61.795",0,"No",01:38:00
"17","Bahrain","17",27,"Nico Hulkenberg","Aston Martin Aramco Mercedes",17,57,"+63.829",0,"No",01:38:00
"18","Bahrain","18",11,"Sergio Perez","Red Bull Racing RBPT",4,56,"DNF",0,"No",01:36:00
"19","Bahrain","19",1,"Max Verstappen","Red Bull Racing RBPT",2,54,"DNF",0,"No",01:35:00
"20","Bahrain","NC",10,"Pierre Gasly","AlphaTauri RBPT",10,44,"DNF",0,"No",01:37:00
"21","Saudi Arabia","1",1,"Max Verstappen","Red Bull Racing RBPT",4,50,"1:24:19.293",25,"No",01:31:00
"22","Saudi Arabia","2",16,"Charles Leclerc","Ferrari",2,50,"+0.549",19,"Yes",01:31:00
"23","Saudi Arabia","3",55,"Carlos Sainz","Ferrari",3,50,"+8.097",15,"No",01:31:00
"24","Saudi Arabia","4",11,"Sergio Perez","Red Bull Racing RBPT",1,50,"+10.800",12,"No",01:32:00
"25","Saudi Arabia","5",63,"George Russell","Mercedes",6,50,"+32.732",10,"No",01:32:00
"26","Saudi Arabia","6",31,"Esteban Ocon","Alpine Renault",5,50,"+56.017",8,"No",01:33:00
"27","Saudi Arabia","7",4,"Lando Norris","McLaren Mercedes",11,50,"+56.124",6,"No",01:32:00
"28","Saudi Arabia","8",10,"Pierre Gasly","AlphaTauri RBPT",9,50,"+62.946",4,"No",01:33:00
"29","Saudi Arabia","9",20,"Kevin Magnussen","Haas Ferrari",10,50,"+64.308",2,"No",01:32:00
"30","Saudi Arabia","10",44,"Lewis Hamilton","Mercedes",15,50,"+73.948",1,"No",01:32:00
"31","Saudi Arabia","11",24,"Guanyu Zhou","Alfa Romeo Ferrari",12,50,"+82.215",0,"No",01:33:00
"32","Saudi Arabia","12",27,"Nico Hulkenberg","Aston Martin Aramco Mercedes",17,50,"+91.742",0,"No",01:33:00
"33","Saudi Arabia","13",18,"Lance Stroll","Aston Martin Aramco Mercedes",13,49,"+1 lap",0,"No",01:34:00
"34","Saudi Arabia","14",23,"Alexander Albon","Williams Mercedes",16,47,"DNF",0,"No",01:34:00
"35","Saudi Arabia","NC",77,"Valtteri Bottas","Alfa Romeo Ferrari",8,36,"DNF",0,"No",01:33:00
"36","Saudi Arabia","NC",14,"Fernando Alonso","Alpine Renault",7,35,"DNF",0,"No",01:33:00
"37","Saudi Arabia","NC",3,"Daniel Ricciardo","McLaren Mercedes",14,35,"DNF",0,"No",01:34:00
"38","Saudi Arabia","NC",6,"Nicholas Latifi","Williams Mercedes",18,14,"DNF",0,"No",01:37:00
"39","Saudi Arabia","NC",22,"Yuki Tsunoda","AlphaTauri RBPT",19,0,"DNS",0,"No",NA
"40","Saudi Arabia","NC",47,"Mick Schumacher","Haas Ferrari",20,0,"DNS",0,"No",NA
"41","Australia","1",16,"Charles Leclerc","Ferrari",1,58,"1:27:46.548",26,"Yes",01:20:00
"42","Australia","2",11,"Sergio Perez","Red Bull Racing RBPT",3,58,"+20.524",18,"No",01:21:00
"43","Australia","3",63,"George Russell","Mercedes",6,58,"+25.593",15,"No",01:21:00
"44","Australia","4",44,"Lewis Hamilton","Mercedes",5,58,"+28.543",12,"No",01:21:00
"45","Australia","5",4,"Lando Norris","McLaren Mercedes",4,58,"+53.303",10,"No",01:22:00
"46","Australia","6",3,"Daniel Ricciardo","McLaren Mercedes",7,58,"+53.737",8,"No",01:22:00
"47","Australia","7",31,"Esteban Ocon","Alpine Renault",8,58,"+61.683",6,"No",01:22:00
"48","Australia","8",77,"Valtteri Bottas","Alfa Romeo Ferrari",12,58,"+68.439",4,"No",01:21:00
"49","Australia","9",10,"Pierre Gasly","AlphaTauri RBPT",11,58,"+76.221",2,"No",01:22:00
"50","Australia","10",23,"Alexander Albon","Williams Mercedes",20,58,"+79.382",1,"No",01:22:00
"51","Australia","11",24,"Guanyu Zhou","Alfa Romeo Ferrari",14,58,"+81.695",0,"No",01:22:00
"52","Australia","12",18,"Lance Stroll","Aston Martin Aramco Mercedes",19,58,"+88.598",0,"No",01:23:00
"53","Australia","13",47,"Mick Schumacher","Haas Ferrari",15,57,"+1 lap",0,"No",01:23:00
"54","Australia","14",20,"Kevin Magnussen","Haas Ferrari",16,57,"+1 lap",0,"No",01:23:00
"55","Australia","15",22,"Yuki Tsunoda","AlphaTauri RBPT",13,57,"+1 lap",0,"No",01:23:00
"56","Australia","16",6,"Nicholas Latifi","Williams Mercedes",18,57,"+1 lap",0,"No",01:23:00
"57","Australia","17",14,"Fernando Alonso","Alpine Renault",10,57,"+1 lap",0,"No",01:20:00
"58","Australia","NC",1,"Max Verstappen","Red Bull Racing RBPT",2,38,"DNF",0,"No",01:21:00
"59","Australia","NC",5,"Sebastian Vettel","Aston Martin Aramco Mercedes",17,22,"DNF",0,"No",01:25:00
"60","Australia","NC",55,"Carlos Sainz","Ferrari",9,1,"DNF",0,"No",NA
"61","Emilia Romagna","1",1,"Max Verstappen","Red Bull Racing RBPT",1,63,"1:32:07.986",26,"Yes",01:18:00
"62","Emilia Romagna","2",11,"Sergio Perez","Red Bull Racing RBPT",3,63,"+16.527",18,"No",01:18:00
"63","Emilia Romagna","3",4,"Lando Norris","McLaren Mercedes",5,63,"+34.834",15,"No",01:20:00
"64","Emilia Romagna","4",63,"George Russell","Mercedes",11,63,"+42.506",12,"No",01:20:00
"65","Emilia Romagna","5",77,"Valtteri Bottas","Alfa Romeo Ferrari",7,63,"+43.181",10,"No",01:20:00
"66","Emilia Romagna","6",16,"Charles Leclerc","Ferrari",2,63,"+56.072",8,"No",01:18:00
"67","Emilia Romagna","7",22,"Yuki Tsunoda","AlphaTauri RBPT",12,63,"+61.110",6,"No",01:20:00
"68","Emilia Romagna","8",5,"Sebastian Vettel","Aston Martin Aramco Mercedes",13,63,"+70.892",4,"No",01:21:00
"69","Emilia Romagna","9",20,"Kevin Magnussen","Haas Ferrari",8,63,"+75.260",2,"No",01:21:00
"70","Emilia Romagna","10",18,"Lance Stroll","Aston Martin Aramco Mercedes",15,62,"+1 lap",1,"No",01:21:00
"71","Emilia Romagna","11",23,"Alexander Albon","Williams Mercedes",18,62,"+1 lap",0,"No",01:21:00
"72","Emilia Romagna","12",10,"Pierre Gasly","AlphaTauri RBPT",17,62,"+1 lap",0,"No",01:21:00
"73","Emilia Romagna","13",44,"Lewis Hamilton","Mercedes",14,62,"+1 lap",0,"No",01:21:00
"74","Emilia Romagna","14",31,"Esteban Ocon","Alpine Renault",16,62,"+1 lap",0,"No",01:21:00
"75","Emilia Romagna","15",24,"Guanyu Zhou","Alfa Romeo Ferrari",20,62,"+1 lap",0,"No",01:21:00
"76","Emilia Romagna","16",6,"Nicholas Latifi","Williams Mercedes",19,62,"+1 lap",0,"No",01:21:00
"77","Emilia Romagna","17",47,"Mick Schumacher","Haas Ferrari",10,62,"+1 lap",0,"No",01:18:00
"78","Emilia Romagna","18",3,"Daniel Ricciardo","McLaren Mercedes",6,62,"+1 lap",0,"No",01:21:00
"79","Emilia Romagna","NC",14,"Fernando Alonso","Alpine Renault",9,6,"DNF",0,"No",01:39:00
"80","Emilia Romagna","NC",55,"Carlos Sainz","Ferrari",4,0,"DNF",0,"No",NA
"81","Miami","1",1,"Max Verstappen","Red Bull Racing RBPT",3,57,"1:34:24.258",26,"Yes",01:31:00
"82","Miami","2",16,"Charles Leclerc","Ferrari",1,57,"+3.786",18,"No",01:31:00
"83","Miami","3",55,"Carlos Sainz","Ferrari",2,57,"+8.229",15,"No",01:31:00
"84","Miami","4",11,"Sergio Perez","Red Bull Racing RBPT",4,57,"+10.638",12,"No",01:31:00
"85","Miami","5",63,"George Russell","Mercedes",12,57,"+18.582",10,"No",01:32:00
"86","Miami","6",44,"Lewis Hamilton","Mercedes",6,57,"+21.368",8,"No",01:32:00
"87","Miami","7",77,"Valtteri Bottas","Alfa Romeo Ferrari",5,57,"+25.073",6,"No",01:33:00
"88","Miami","8",31,"Esteban Ocon","Alpine Renault",20,57,"+28.386",4,"No",01:33:00
"89","Miami","9",23,"Alexander Albon","Williams Mercedes",18,57,"+32.365",2,"No",01:33:00
"90","Miami","10",18,"Lance Stroll","Aston Martin Aramco Mercedes",10,57,"+37.026",1,"No",01:33:00
"91","Miami","11",14,"Fernando Alonso","Alpine Renault",11,57,"+37.128",0,"No",01:33:00
"92","Miami","12",22,"Yuki Tsunoda","AlphaTauri RBPT",9,57,"+40.146",0,"No",01:33:00
"93","Miami","13",3,"Daniel Ricciardo","McLaren Mercedes",14,57,"+40.902",0,"No",01:33:00
"94","Miami","14",6,"Nicholas Latifi","Williams Mercedes",19,57,"+49.936",0,"No",01:34:00
"95","Miami","15",47,"Mick Schumacher","Haas Ferrari",15,57,"+73.305",0,"No",01:32:00
"96","Miami","16",20,"Kevin Magnussen","Haas Ferrari",16,56,"DNF",0,"No",01:33:00
"97","Miami","17",5,"Sebastian Vettel","Aston Martin Aramco Mercedes",13,54,"DNF",0,"No",01:33:00
"98","Miami","NC",10,"Pierre Gasly","AlphaTauri RBPT",7,45,"DNF",0,"No",01:34:00
"99","Miami","NC",4,"Lando Norris","McLaren Mercedes",8,39,"DNF",0,"No",01:33:00
"100","Miami","NC",24,"Guanyu Zhou","Alfa Romeo Ferrari",17,6,"DNF",0,"No",01:35:00
"101","Spain","1",1,"Max Verstappen","Red Bull Racing RBPT",2,66,"1:37:20.475",25,"No",01:25:00
"102","Spain","2",11,"Sergio Perez","Red Bull Racing RBPT",5,66,"+13.072",19,"Yes",01:24:00
"103","Spain","3",63,"George Russell","Mercedes",4,66,"+32.927",15,"No",01:24:00
"104","Spain","4",55,"Carlos Sainz","Ferrari",3,66,"+45.208",12,"No",01:25:00
"105","Spain","5",44,"Lewis Hamilton","Mercedes",6,66,"+54.534",10,"No",01:24:00
"106","Spain","6",77,"Valtteri Bottas","Alfa Romeo Ferrari",7,66,"+59.976",8,"No",01:26:00
"107","Spain","7",31,"Esteban Ocon","Alpine Renault",12,66,"+75.397",6,"No",01:25:00
"108","Spain","8",4,"Lando Norris","McLaren Mercedes",11,66,"+83.235",4,"No",01:25:00
"109","Spain","9",14,"Fernando Alonso","Alpine Renault",20,65,"+1 lap",2,"No",01:26:00
"110","Spain","10",22,"Yuki Tsunoda","AlphaTauri RBPT",13,65,"+1 lap",1,"No",01:26:00
"111","Spain","11",5,"Sebastian Vettel","Aston Martin Aramco Mercedes",16,65,"+1 lap",0,"No",01:27:00
"112","Spain","12",3,"Daniel Ricciardo","McLaren Mercedes",9,65,"+1 lap",0,"No",01:27:00
"113","Spain","13",10,"Pierre Gasly","AlphaTauri RBPT",14,65,"+1 lap",0,"No",01:26:00
"114","Spain","14",47,"Mick Schumacher","Haas Ferrari",10,65,"+1 lap",0,"No",01:27:00
"115","Spain","15",18,"Lance Stroll","Aston Martin Aramco Mercedes",17,65,"+1 lap",0,"No",01:26:00
"116","Spain","16",6,"Nicholas Latifi","Williams Mercedes",19,64,"+2 laps",0,"No",01:27:00
"117","Spain","17",20,"Kevin Magnussen","Haas Ferrari",8,64,"+2 laps",0,"No",01:27:00
"118","Spain","18",23,"Alexander Albon","Williams Mercedes",18,64,"+2 laps",0,"No",01:28:00
"119","Spain","NC",24,"Guanyu Zhou","Alfa Romeo Ferrari",15,28,"DNF",0,"No",01:28:00
"120","Spain","NC",16,"Charles Leclerc","Ferrari",1,27,"DNF",0,"No",01:27:00
"121","Monaco","1",11,"Sergio Perez","Red Bull Racing RBPT",3,64,"1:56:30.265",25,"No",01:16:00
"122","Monaco","2",55,"Carlos Sainz","Ferrari",2,64,"+1.154",18,"No",01:16:00
"123","Monaco","3",1,"Max Verstappen","Red Bull Racing RBPT",4,64,"+1.491",15,"No",01:16:00
"124","Monaco","4",16,"Charles Leclerc","Ferrari",1,64,"+2.922",12,"No",01:16:00
"125","Monaco","5",63,"George Russell","Mercedes",6,64,"+11.968",10,"No",01:16:00
"126","Monaco","6",4,"Lando Norris","McLaren Mercedes",5,64,"+12.231",9,"Yes",01:14:00
"127","Monaco","7",14,"Fernando Alonso","Alpine Renault",7,64,"+46.358",6,"No",01:15:00
"128","Monaco","8",44,"Lewis Hamilton","Mercedes",8,64,"+50.388",4,"No",01:17:00
"129","Monaco","9",77,"Valtteri Bottas","Alfa Romeo Ferrari",12,64,"+52.525",2,"No",01:17:00
"130","Monaco","10",5,"Sebastian Vettel","Aston Martin Aramco Mercedes",9,64,"+53.536",1,"No",01:17:00
"131","Monaco","11",10,"Pierre Gasly","AlphaTauri RBPT",17,64,"+54.289",0,"No",01:17:00
"132","Monaco","12",31,"Esteban Ocon","Alpine Renault",10,64,"+55.644",0,"No",01:17:00
"133","Monaco","13",3,"Daniel Ricciardo","McLaren Mercedes",14,64,"+57.635",0,"No",01:17:00
"134","Monaco","14",18,"Lance Stroll","Aston Martin Aramco Mercedes",18,64,"+60.802",0,"No",01:17:00
"135","Monaco","15",6,"Nicholas Latifi","Williams Mercedes",19,63,"+1 lap",0,"No",01:18:00
"136","Monaco","16",24,"Guanyu Zhou","Alfa Romeo Ferrari",20,63,"+1 lap",0,"No",01:18:00
"137","Monaco","17",22,"Yuki Tsunoda","AlphaTauri RBPT",11,63,"+1 lap",0,"No",01:15:00
"138","Monaco","NC",23,"Alexander Albon","Williams Mercedes",16,48,"DNF",0,"No",01:18:00
"139","Monaco","NC",47,"Mick Schumacher","Haas Ferrari",15,24,"DNF",0,"No",01:24:00
"140","Monaco","NC",20,"Kevin Magnussen","Haas Ferrari",13,19,"DNF",0,"No",01:33:00
"141","Azerbaijan","1",1,"Max Verstappen","Red Bull Racing RBPT",3,51,"1:34:05.941",25,"No",01:46:00
"142","Azerbaijan","2",11,"Sergio Perez","Red Bull Racing RBPT",2,51,"+20.823",19,"Yes",01:46:00
"143","Azerbaijan","3",63,"George Russell","Mercedes",5,51,"+45.995",15,"No",01:47:00
"144","Azerbaijan","4",44,"Lewis Hamilton","Mercedes",7,51,"+71.679",12,"No",01:47:00
"145","Azerbaijan","5",10,"Pierre Gasly","AlphaTauri RBPT",6,51,"+77.299",10,"No",01:48:00
"146","Azerbaijan","6",5,"Sebastian Vettel","Aston Martin Aramco Mercedes",9,51,"+84.099",8,"No",01:48:00
"147","Azerbaijan","7",14,"Fernando Alonso","Alpine Renault",10,51,"+88.596",6,"No",01:47:00
"148","Azerbaijan","8",3,"Daniel Ricciardo","McLaren Mercedes",12,51,"+92.207",4,"No",01:48:00
"149","Azerbaijan","9",4,"Lando Norris","McLaren Mercedes",11,51,"+92.556",2,"No",01:47:00
"150","Azerbaijan","10",31,"Esteban Ocon","Alpine Renault",13,51,"+108.184",1,"No",01:48:00
"151","Azerbaijan","11",77,"Valtteri Bottas","Alfa Romeo Ferrari",15,50,"+1 lap",0,"No",01:48:00
"152","Azerbaijan","12",23,"Alexander Albon","Williams Mercedes",17,50,"+1 lap",0,"No",01:47:00
"153","Azerbaijan","13",22,"Yuki Tsunoda","AlphaTauri RBPT",8,50,"+1 lap",0,"No",01:47:00
"154","Azerbaijan","14",47,"Mick Schumacher","Haas Ferrari",20,50,"+1 lap",0,"No",01:48:00
"155","Azerbaijan","15",6,"Nicholas Latifi","Williams Mercedes",18,50,"+1 lap",0,"No",01:49:00
"156","Azerbaijan","16",18,"Lance Stroll","Aston Martin Aramco Mercedes",19,46,"DNF",0,"No",01:48:00
"157","Azerbaijan","NC",20,"Kevin Magnussen","Haas Ferrari",16,31,"DNF",0,"No",01:48:00
"158","Azerbaijan","NC",24,"Guanyu Zhou","Alfa Romeo Ferrari",14,23,"DNF",0,"No",01:48:00
"159","Azerbaijan","NC",16,"Charles Leclerc","Ferrari",1,21,"DNF",0,"No",01:47:00
"160","Azerbaijan","NC",55,"Carlos Sainz","Ferrari",4,8,"DNF",0,"No",01:48:00
"161","Canada","1",1,"Max Verstappen","Red Bull Racing RBPT",1,70,"1:36:21.757",25,"No",01:15:00
"162","Canada","2",55,"Carlos Sainz","Ferrari",3,70,"+0.993",19,"Yes",01:15:00
"163","Canada","3",44,"Lewis Hamilton","Mercedes",4,70,"+7.006",15,"No",01:16:00
"164","Canada","4",63,"George Russell","Mercedes",8,70,"+12.313",12,"No",01:16:00
"165","Canada","5",16,"Charles Leclerc","Ferrari",19,70,"+15.168",10,"No",01:15:00
"166","Canada","6",31,"Esteban Ocon","Alpine Renault",7,70,"+23.890",8,"No",01:17:00
"167","Canada","7",77,"Valtteri Bottas","Alfa Romeo Ferrari",11,70,"+25.247",6,"No",01:16:00
"168","Canada","8",24,"Guanyu Zhou","Alfa Romeo Ferrari",10,70,"+26.952",4,"No",01:16:00
"169","Canada","9",14,"Fernando Alonso","Alpine Renault",2,70,"+29.945",2,"No",01:17:00
"170","Canada","10",18,"Lance Stroll","Aston Martin Aramco Mercedes",17,70,"+38.222",1,"No",01:17:00
"171","Canada","11",3,"Daniel Ricciardo","McLaren Mercedes",9,70,"+43.047",0,"No",01:17:00
"172","Canada","12",5,"Sebastian Vettel","Aston Martin Aramco Mercedes",16,70,"+44.245",0,"No",01:17:00
"173","Canada","13",23,"Alexander Albon","Williams Mercedes",12,70,"+44.893",0,"No",01:17:00
"174","Canada","14",10,"Pierre Gasly","AlphaTauri RBPT",15,70,"+45.183",0,"No",01:17:00
"175","Canada","15",4,"Lando Norris","McLaren Mercedes",14,70,"+52.145",0,"No",01:17:00
"176","Canada","16",6,"Nicholas Latifi","Williams Mercedes",18,70,"+59.978",0,"No",01:18:00
"177","Canada","17",20,"Kevin Magnussen","Haas Ferrari",5,70,"+68.180",0,"No",01:18:00
"178","Canada","NC",22,"Yuki Tsunoda","AlphaTauri RBPT",20,47,"DNF",0,"No",01:18:00
"179","Canada","NC",47,"Mick Schumacher","Haas Ferrari",6,18,"DNF",0,"No",01:18:00
"180","Canada","NC",11,"Sergio Perez","Red Bull Racing RBPT",13,7,"DNF",0,"No",01:18:00
"181","Great Britain","1",55,"Carlos Sainz","Ferrari",1,52,"2:17:50.311",25,"No",01:30:00
"182","Great Britain","2",11,"Sergio Perez","Red Bull Racing RBPT",4,52,"+3.779",18,"No",01:30:00
"183","Great Britain","3",44,"Lewis Hamilton","Mercedes",5,52,"+6.225",16,"Yes",01:30:00
"184","Great Britain","4",16,"Charles Leclerc","Ferrari",3,52,"+8.546",12,"No",01:31:00
"185","Great Britain","5",14,"Fernando Alonso","Alpine Renault",7,52,"+9.571",10,"No",01:31:00
"186","Great Britain","6",4,"Lando Norris","McLaren Mercedes",6,52,"+11.943",8,"No",01:31:00
"187","Great Britain","7",1,"Max Verstappen","Red Bull Racing RBPT",2,52,"+18.777",6,"No",01:32:00
"188","Great Britain","8",47,"Mick Schumacher","Haas Ferrari",19,52,"+18.995",4,"No",01:32:00
"189","Great Britain","9",5,"Sebastian Vettel","Aston Martin Aramco Mercedes",18,52,"+22.356",2,"No",01:32:00
"190","Great Britain","10",20,"Kevin Magnussen","Haas Ferrari",17,52,"+24.590",1,"No",01:32:00
"191","Great Britain","11",18,"Lance Stroll","Aston Martin Aramco Mercedes",20,52,"+26.147",0,"No",01:32:00
"192","Great Britain","12",6,"Nicholas Latifi","Williams Mercedes",10,52,"+32.511",0,"No",01:33:00
"193","Great Britain","13",3,"Daniel Ricciardo","McLaren Mercedes",14,52,"+32.817",0,"No",01:32:00
"194","Great Britain","14",22,"Yuki Tsunoda","AlphaTauri RBPT",13,52,"+40.910",0,"No",01:33:00
"195","Great Britain","NC",31,"Esteban Ocon","Alpine Renault",15,37,"DNF",0,"No",01:33:00
"196","Great Britain","NC",10,"Pierre Gasly","AlphaTauri RBPT",11,26,"DNF",0,"No",01:34:00
"197","Great Britain","NC",77,"Valtteri Bottas","Alfa Romeo Ferrari",12,20,"DNF",0,"No",01:35:00
"198","Great Britain","NC",63,"George Russell","Mercedes",8,0,"DNF",0,"No",NA
"199","Great Britain","NC",24,"Guanyu Zhou","Alfa Romeo Ferrari",9,0,"DNF",0,"No",NA
"200","Great Britain","NC",23,"Alexander Albon","Williams Mercedes",16,0,"DNF",0,"No",NA
"201","Austria","1",16,"Charles Leclerc","Ferrari",2,71,"1:24:24.312",25,"No",01:07:00
"202","Austria","2",1,"Max Verstappen","Red Bull Racing RBPT",1,71,"+1.532",19,"Yes",01:07:00
"203","Austria","3",44,"Lewis Hamilton","Mercedes",8,71,"+41.217",15,"No",01:09:00
"204","Austria","4",63,"George Russell","Mercedes",4,71,"+58.972",12,"No",01:09:00
"205","Austria","5",31,"Esteban Ocon","Alpine Renault",6,71,"+68.436",10,"No",01:09:00
"206","Austria","6",47,"Mick Schumacher","Haas Ferrari",9,70,"+1 lap",8,"No",01:09:00
"207","Austria","7",4,"Lando Norris","McLaren Mercedes",10,70,"+1 lap",6,"No",01:09:00
"208","Austria","8",20,"Kevin Magnussen","Haas Ferrari",7,70,"+1 lap",4,"No",01:09:00
"209","Austria","9",3,"Daniel Ricciardo","McLaren Mercedes",11,70,"+1 lap",2,"No",01:09:00
"210","Austria","10",14,"Fernando Alonso","Alpine Renault",19,70,"+1 lap",1,"No",01:08:00
"211","Austria","11",77,"Valtteri Bottas","Alfa Romeo Ferrari",20,70,"+1 lap",0,"No",01:09:00
"212","Austria","12",23,"Alexander Albon","Williams Mercedes",15,70,"+1 lap",0,"No",01:09:00
"213","Austria","13",18,"Lance Stroll","Aston Martin Aramco Mercedes",12,70,"+1 lap",0,"No",01:10:00
"214","Austria","14",24,"Guanyu Zhou","Alfa Romeo Ferrari",13,70,"+1 lap",0,"No",01:09:00
"215","Austria","15",10,"Pierre Gasly","AlphaTauri RBPT",14,70,"+1 lap",0,"No",01:10:00
"216","Austria","16",22,"Yuki Tsunoda","AlphaTauri RBPT",16,70,"+1 lap",0,"No",01:10:00
"217","Austria","17",5,"Sebastian Vettel","Aston Martin Aramco Mercedes",18,70,"+1 lap",0,"No",01:10:00
"218","Austria","NC",55,"Carlos Sainz","Ferrari",3,56,"DNF",0,"No",01:08:00
"219","Austria","NC",6,"Nicholas Latifi","Williams Mercedes",17,48,"DNF",0,"No",01:10:00
"220","Austria","NC",11,"Sergio Perez","Red Bull Racing RBPT",5,24,"DNF",0,"No",01:11:00
"221","France","1",1,"Max Verstappen","Red Bull Racing RBPT",2,53,"1:30:02.112",25,"No",01:37:00
"222","France","2",44,"Lewis Hamilton","Mercedes",4,53,"+10.587",18,"No",01:37:00
"223","France","3",63,"George Russell","Mercedes",6,53,"+16.495",15,"No",01:37:00
"224","France","4",11,"Sergio Perez","Red Bull Racing RBPT",3,53,"+17.310",12,"No",01:37:00
"225","France","5",55,"Carlos Sainz","Ferrari",19,53,"+28.872",11,"Yes",01:35:00
"226","France","6",14,"Fernando Alonso","Alpine Renault",7,53,"+42.879",8,"No",01:38:00
"227","France","7",4,"Lando Norris","McLaren Mercedes",5,53,"+52.026",6,"No",01:39:00
"228","France","8",31,"Esteban Ocon","Alpine Renault",10,53,"+56.959",4,"No",01:38:00
"229","France","9",3,"Daniel Ricciardo","McLaren Mercedes",9,53,"+60.372",2,"No",01:39:00
"230","France","10",18,"Lance Stroll","Aston Martin Aramco Mercedes",15,53,"+62.549",1,"No",01:39:00
"231","France","11",5,"Sebastian Vettel","Aston Martin Aramco Mercedes",12,53,"+65.448",0,"No",01:39:00
"232","France","12",10,"Pierre Gasly","AlphaTauri RBPT",14,53,"+65.448",0,"No",01:38:00
"233","France","13",23,"Alexander Albon","Williams Mercedes",13,53,"+68.565",0,"No",01:39:00
"234","France","14",77,"Valtteri Bottas","Alfa Romeo Ferrari",11,53,"+76.666",0,"No",01:37:00
"235","France","15",47,"Mick Schumacher","Haas Ferrari",17,53,"+80.394",0,"No",01:39:00
"236","France","16",24,"Guanyu Zhou","Alfa Romeo Ferrari",16,47,"+6 laps",0,"No",01:39:00
"237","France","NC",6,"Nicholas Latifi","Williams Mercedes",18,40,"DNF",0,"No",01:39:00
"238","France","NC",20,"Kevin Magnussen","Haas Ferrari",20,37,"DNF",0,"No",01:39:00
"239","France","NC",16,"Charles Leclerc","Ferrari",1,17,"DNF",0,"No",01:38:00
"240","France","NC",22,"Yuki Tsunoda","AlphaTauri RBPT",8,17,"DNF",0,"No",01:40:00
"241","Hungary","1",1,"Max Verstappen","Red Bull Racing RBPT",10,70,"1:39:25.912",25,"No",01:22:00
"242","Hungary","2",44,"Lewis Hamilton","Mercedes",7,70,"+7.834",19,"Yes",01:21:00
"243","Hungary","3",63,"George Russell","Mercedes",1,70,"+12.337",15,"No",01:22:00
"244","Hungary","4",55,"Carlos Sainz","Ferrari",2,70,"+14.579",12,"No",01:22:00
"245","Hungary","5",11,"Sergio Perez","Red Bull Racing RBPT",11,70,"+15.688",10,"No",01:21:00
"246","Hungary","6",16,"Charles Leclerc","Ferrari",3,70,"+16.047",8,"No",01:21:00
"247","Hungary","7",4,"Lando Norris","McLaren Mercedes",4,70,"+78.300",6,"No",01:23:00
"248","Hungary","8",14,"Fernando Alonso","Alpine Renault",6,69,"+1 lap",4,"No",01:23:00
"249","Hungary","9",31,"Esteban Ocon","Alpine Renault",5,69,"+1 lap",2,"No",01:24:00
"250","Hungary","10",5,"Sebastian Vettel","Aston Martin Aramco Mercedes",18,69,"+1 lap",1,"No",01:22:00
"251","Hungary","11",18,"Lance Stroll","Aston Martin Aramco Mercedes",14,69,"+1 lap",0,"No",01:22:00
"252","Hungary","12",10,"Pierre Gasly","AlphaTauri RBPT",20,69,"+1 lap",0,"No",01:23:00
"253","Hungary","13",24,"Guanyu Zhou","Alfa Romeo Ferrari",12,69,"+1 lap",0,"No",01:22:00
"254","Hungary","14",47,"Mick Schumacher","Haas Ferrari",15,69,"+1 lap",0,"No",01:23:00
"255","Hungary","15",3,"Daniel Ricciardo","McLaren Mercedes",9,69,"+1 lap",0,"No",01:23:00
"256","Hungary","16",20,"Kevin Magnussen","Haas Ferrari",13,69,"+1 lap",0,"No",01:23:00
"257","Hungary","17",23,"Alexander Albon","Williams Mercedes",17,69,"+1 lap",0,"No",01:23:00
"258","Hungary","18",6,"Nicholas Latifi","Williams Mercedes",19,69,"+1 lap",0,"No",01:22:00
"259","Hungary","19",22,"Yuki Tsunoda","AlphaTauri RBPT",16,68,"+2 laps",0,"No",01:23:00
"260","Hungary","20",77,"Valtteri Bottas","Alfa Romeo Ferrari",8,65,"DNF",0,"No",01:24:00
"261","Belgium","1",1,"Max Verstappen","Red Bull Racing RBPT",14,44,"1:25:52.894",26,"Yes",01:49:00
"262","Belgium","2",11,"Sergio Perez","Red Bull Racing RBPT",2,44,"+17.841",18,"No",01:50:00
"263","Belgium","3",55,"Carlos Sainz","Ferrari",1,44,"+26.886",15,"No",01:51:00
"264","Belgium","4",63,"George Russell","Mercedes",5,44,"+29.140",12,"No",01:50:00
"265","Belgium","5",14,"Fernando Alonso","Alpine Renault",3,44,"+73.256",10,"No",01:52:00
"266","Belgium","6",16,"Charles Leclerc","Ferrari",15,44,"+74.936",8,"No",01:49:00
"267","Belgium","7",31,"Esteban Ocon","Alpine Renault",16,44,"+75.640",6,"No",01:51:00
"268","Belgium","8",5,"Sebastian Vettel","Aston Martin Aramco Mercedes",10,44,"+78.107",4,"No",01:52:00
"269","Belgium","9",10,"Pierre Gasly","AlphaTauri RBPT",8,44,"+92.181",2,"No",01:53:00
"270","Belgium","10",23,"Alexander Albon","Williams Mercedes",6,44,"+101.900",1,"No",01:53:00
"271","Belgium","11",18,"Lance Stroll","Aston Martin Aramco Mercedes",9,44,"+103.078",0,"No",01:52:00
"272","Belgium","12",4,"Lando Norris","McLaren Mercedes",17,44,"+104.739",0,"No",01:51:00
"273","Belgium","13",22,"Yuki Tsunoda","AlphaTauri RBPT",20,44,"+105.217",0,"No",01:52:00
"274","Belgium","14",24,"Guanyu Zhou","Alfa Romeo Ferrari",18,44,"+106.252",0,"No",01:52:00
"275","Belgium","15",3,"Daniel Ricciardo","McLaren Mercedes",7,44,"+107.163",0,"No",01:53:00
"276","Belgium","16",20,"Kevin Magnussen","Haas Ferrari",12,43,"+1 lap",0,"No",01:53:00
"277","Belgium","17",47,"Mick Schumacher","Haas Ferrari",19,43,"+1 lap",0,"No",01:52:00
"278","Belgium","18",6,"Nicholas Latifi","Williams Mercedes",11,43,"+1 lap",0,"No",01:52:00
"279","Belgium","NC",77,"Valtteri Bottas","Alfa Romeo Ferrari",13,1,"DNF",0,"No",NA
"280","Belgium","NC",44,"Lewis Hamilton","Mercedes",4,0,"DNF",0,"No",NA
"281","Netherlands","1",1,"Max Verstappen","Red Bull Racing RBPT",1,72,"1:36:42.773",26,"Yes",01:13:00
"282","Netherlands","2",63,"George Russell","Mercedes",6,72,"+4.071",18,"No",01:13:00
"283","Netherlands","3",16,"Charles Leclerc","Ferrari",2,72,"+10.929",15,"No",01:14:00
"284","Netherlands","4",44,"Lewis Hamilton","Mercedes",4,72,"+13.016",12,"No",01:13:00
"285","Netherlands","5",11,"Sergio Perez","Red Bull Racing RBPT",5,72,"+18.168",10,"No",01:14:00
"286","Netherlands","6",14,"Fernando Alonso","Alpine Renault",13,72,"+18.754",8,"No",01:14:00
"287","Netherlands","7",4,"Lando Norris","McLaren Mercedes",7,72,"+19.306",6,"No",01:14:00
"288","Netherlands","8",55,"Carlos Sainz","Ferrari",3,72,"+20.916",4,"No",01:14:00
"289","Netherlands","9",31,"Esteban Ocon","Alpine Renault",12,72,"+21.117",2,"No",01:15:00
"290","Netherlands","10",18,"Lance Stroll","Aston Martin Aramco Mercedes",10,72,"+22.459",1,"No",01:15:00
"291","Netherlands","11",10,"Pierre Gasly","AlphaTauri RBPT",11,72,"+27.009",0,"No",01:15:00
"292","Netherlands","12",23,"Alexander Albon","Williams Mercedes",15,72,"+30.390",0,"No",01:15:00
"293","Netherlands","13",47,"Mick Schumacher","Haas Ferrari",8,72,"+32.995",0,"No",01:15:00
"294","Netherlands","14",5,"Sebastian Vettel","Aston Martin Aramco Mercedes",19,72,"+36.007",0,"No",01:14:00
"295","Netherlands","15",20,"Kevin Magnussen","Haas Ferrari",18,72,"+36.869",0,"No",01:15:00
"296","Netherlands","16",24,"Guanyu Zhou","Alfa Romeo Ferrari",14,72,"+37.320",0,"No",01:15:00
"297","Netherlands","17",3,"Daniel Ricciardo","McLaren Mercedes",17,72,"+37.764",0,"No",01:15:00
"298","Netherlands","18",6,"Nicholas Latifi","Williams Mercedes",20,71,"+1 lap",0,"No",01:16:00
"299","Netherlands","NC",77,"Valtteri Bottas","Alfa Romeo Ferrari",16,53,"DNF",0,"No",01:16:00
"300","Netherlands","NC",22,"Yuki Tsunoda","AlphaTauri RBPT",9,43,"DNF",0,"No",01:17:00
"301","Italy","1",1,"Max Verstappen","Red Bull Racing RBPT",7,53,"1:20:27.511",25,"No",01:24:00
"302","Italy","2",16,"Charles Leclerc","Ferrari",1,53,"+2.446",18,"No",01:24:00
"303","Italy","3",63,"George Russell","Mercedes",2,53,"+3.405",15,"No",01:25:00
"304","Italy","4",55,"Carlos Sainz","Ferrari",18,53,"+5.061",12,"No",01:24:00
"305","Italy","5",44,"Lewis Hamilton","Mercedes",19,53,"+5.380",10,"No",01:24:00
"306","Italy","6",11,"Sergio Perez","Red Bull Racing RBPT",13,53,"+6.091",9,"Yes",01:24:00
"307","Italy","7",4,"Lando Norris","McLaren Mercedes",3,53,"+6.207",6,"No",01:24:00
"308","Italy","8",10,"Pierre Gasly","AlphaTauri RBPT",5,53,"+6.396",4,"No",01:26:00
"309","Italy","9",45,"Nyck De Vries","Williams Mercedes",8,53,"+7.122",2,"No",01:26:00
"310","Italy","10",24,"Guanyu Zhou","Alfa Romeo Ferrari",9,53,"+7.910",1,"No",01:26:00
"311","Italy","11",31,"Esteban Ocon","Alpine Renault",14,53,"+8.323",0,"No",01:26:00
"312","Italy","12",47,"Mick Schumacher","Haas Ferrari",17,53,"+8.549",0,"No",01:25:00
"313","Italy","13",77,"Valtteri Bottas","Alfa Romeo Ferrari",15,52,"+1 lap",0,"No",01:25:00
"314","Italy","14",22,"Yuki Tsunoda","AlphaTauri RBPT",20,52,"+1 lap",0,"No",01:26:00
"315","Italy","15",6,"Nicholas Latifi","Williams Mercedes",10,52,"+1 lap",0,"No",01:26:00
"316","Italy","16",20,"Kevin Magnussen","Haas Ferrari",16,52,"+1 lap",0,"No",01:26:00
"317","Italy","NC",3,"Daniel Ricciardo","McLaren Mercedes",4,45,"DNF",0,"No",01:26:00
"318","Italy","NC",18,"Lance Stroll","Aston Martin Aramco Mercedes",12,39,"DNF",0,"No",01:27:00
"319","Italy","NC",14,"Fernando Alonso","Alpine Renault",6,31,"DNF",0,"No",01:27:00
"320","Italy","NC",5,"Sebastian Vettel","Aston Martin Aramco Mercedes",11,10,"DNF",0,"No",01:27:00
"321","Singapore","1",11,"Sergio Perez","Red Bull Racing RBPT",2,59,"2:02:20.238",25,"No",01:48:00
"322","Singapore","2",16,"Charles Leclerc","Ferrari",1,59,"+2.595",18,"No",01:48:00
"323","Singapore","3",55,"Carlos Sainz","Ferrari",4,59,"+10.305",15,"No",01:48:00
"324","Singapore","4",4,"Lando Norris","McLaren Mercedes",6,59,"+21.133",12,"No",01:49:00
"325","Singapore","5",3,"Daniel Ricciardo","McLaren Mercedes",16,59,"+53.282",10,"No",01:51:00
"326","Singapore","6",18,"Lance Stroll","Aston Martin Aramco Mercedes",11,59,"+56.330",8,"No",01:50:00
"327","Singapore","7",1,"Max Verstappen","Red Bull Racing RBPT",8,59,"+58.825",6,"No",01:49:00
"328","Singapore","8",5,"Sebastian Vettel","Aston Martin Aramco Mercedes",13,59,"+60.032",4,"No",01:50:00
"329","Singapore","9",44,"Lewis Hamilton","Mercedes",3,59,"+61.515",2,"No",01:50:00
"330","Singapore","10",10,"Pierre Gasly","AlphaTauri RBPT",7,59,"+69.576",1,"No",01:50:00
"331","Singapore","11",77,"Valtteri Bottas","Alfa Romeo Ferrari",15,59,"+88.844",0,"No",01:51:00
"332","Singapore","12",20,"Kevin Magnussen","Haas Ferrari",9,59,"+92.610",0,"No",01:52:00
"333","Singapore","13",47,"Mick Schumacher","Haas Ferrari",12,58,"+1 lap",0,"No",01:50:00
"334","Singapore","14",63,"George Russell","Mercedes",20,57,"+2 laps",0,"No",01:46:00
"335","Singapore","NC",22,"Yuki Tsunoda","AlphaTauri RBPT",10,34,"DNF",0,"No",01:58:00
"336","Singapore","NC",31,"Esteban Ocon","Alpine Renault",17,26,"DNF",0,"No",02:01:00
"337","Singapore","NC",23,"Alexander Albon","Williams Mercedes",18,25,"DNF",0,"No",02:02:00
"338","Singapore","NC",14,"Fernando Alonso","Alpine Renault",5,20,"DNF",0,"No",02:00:00
"339","Singapore","NC",6,"Nicholas Latifi","Williams Mercedes",19,7,"DNF",0,"No",02:05:00
"340","Singapore","NC",24,"Guanyu Zhou","Alfa Romeo Ferrari",14,6,"DNF",0,"No",02:05:00
"341","Japan","1",1,"Max Verstappen","Red Bull Racing RBPT",1,28,"3:01:44.004",25,"No",01:44:00
"342","Japan","2",11,"Sergio Perez","Red Bull Racing RBPT",4,28,"+27.066",18,"No",01:46:00
"343","Japan","3",16,"Charles Leclerc","Ferrari",2,28,"+31.763",15,"No",01:44:00
"344","Japan","4",31,"Esteban Ocon","Alpine Renault",5,28,"+39.685",12,"No",01:46:00
"345","Japan","5",44,"Lewis Hamilton","Mercedes",6,28,"+40.326",10,"No",01:45:00
"346","Japan","6",5,"Sebastian Vettel","Aston Martin Aramco Mercedes",9,28,"+46.358",8,"No",01:46:00
"347","Japan","7",14,"Fernando Alonso","Alpine Renault",7,28,"+46.369",6,"No",01:44:00
"348","Japan","8",63,"George Russell","Mercedes",8,28,"+47.661",4,"No",01:47:00
"349","Japan","9",6,"Nicholas Latifi","Williams Mercedes",19,28,"+70.143",2,"No",01:48:00
"350","Japan","10",4,"Lando Norris","McLaren Mercedes",10,28,"+70.782",1,"No",01:48:00
"351","Japan","11",3,"Daniel Ricciardo","McLaren Mercedes",11,28,"+72.877",0,"No",01:47:00
"352","Japan","12",18,"Lance Stroll","Aston Martin Aramco Mercedes",18,28,"+73.904",0,"No",01:45:00
"353","Japan","13",22,"Yuki Tsunoda","AlphaTauri RBPT",13,28,"+75.599",0,"No",01:45:00
"354","Japan","14",20,"Kevin Magnussen","Haas Ferrari",17,28,"+86.016",0,"No",01:48:00
"355","Japan","15",77,"Valtteri Bottas","Alfa Romeo Ferrari",12,28,"+86.496",0,"No",01:47:00
"356","Japan","16",24,"Guanyu Zhou","Alfa Romeo Ferrari",14,28,"+87.043",0,"No",01:44:00
"357","Japan","17",47,"Mick Schumacher","Haas Ferrari",15,28,"+92.523",0,"No",01:46:00
"358","Japan","18",10,"Pierre Gasly","AlphaTauri RBPT",20,28,"+108.091",0,"No",01:45:00
"359","Japan","NC",55,"Carlos Sainz","Ferrari",3,0,"DNF",0,"No",NA
"360","Japan","NC",23,"Alexander Albon","Williams Mercedes",16,0,"DNF",0,"No",NA
"361","United States","1",1,"Max Verstappen","Red Bull Racing RBPT",2,56,"1:42:11.687",25,"No",01:39:00
"362","United States","2",44,"Lewis Hamilton","Mercedes",3,56,"+5.023",18,"No",01:39:00
"363","United States","3",16,"Charles Leclerc","Ferrari",12,56,"+7.501",15,"No",01:39:00
"364","United States","4",11,"Sergio Perez","Red Bull Racing RBPT",9,56,"+8.293",12,"No",01:39:00
"365","United States","5",63,"George Russell","Mercedes",4,56,"+44.815",11,"Yes",01:38:00
"366","United States","6",4,"Lando Norris","McLaren Mercedes",6,56,"+53.785",8,"No",01:41:00
"367","United States","7",14,"Fernando Alonso","Alpine Renault",14,56,"+55.078",0,"No",01:41:00
"368","United States","8",5,"Sebastian Vettel","Aston Martin Aramco Mercedes",10,56,"+65.354",6,"No",01:41:00
"369","United States","9",20,"Kevin Magnussen","Haas Ferrari",13,56,"+65.834",4,"No",01:42:00
"370","United States","10",22,"Yuki Tsunoda","AlphaTauri RBPT",19,56,"+70.919",2,"No",01:42:00
"371","United States","11",31,"Esteban Ocon","Alpine Renault",20,56,"+72.875",1,"No",01:41:00
"372","United States","12",24,"Guanyu Zhou","Alfa Romeo Ferrari",18,56,"+76.164",0,"No",01:42:00
"373","United States","13",23,"Alexander Albon","Williams Mercedes",8,56,"+80.057",0,"No",01:42:00
"374","United States","14",10,"Pierre Gasly","AlphaTauri RBPT",11,56,"+81.763",0,"No",01:41:00
"375","United States","15",47,"Mick Schumacher","Haas Ferrari",16,56,"+84.490",0,"No",01:42:00
"376","United States","16",3,"Daniel Ricciardo","McLaren Mercedes",15,56,"+90.487",0,"No",01:42:00
"377","United States","17",6,"Nicholas Latifi","Williams Mercedes",17,56,"+103.588",0,"No",01:43:00
"378","United States","NC",18,"Lance Stroll","Aston Martin Aramco Mercedes",5,21,"DNF",0,"No",01:43:00
"379","United States","NC",77,"Valtteri Bottas","Alfa Romeo Ferrari",7,16,"DNF",0,"No",01:43:00
"380","United States","NC",55,"Carlos Sainz","Ferrari",1,1,"DNF",0,"No",NA
"381","Mexico","1",1,"Max Verstappen","Red Bull Racing RBPT",1,71,"1:38:36.729",25,"No",01:22:00
"382","Mexico","2",44,"Lewis Hamilton","Mercedes",3,71,"+15.186",18,"No",01:22:00
"383","Mexico","3",11,"Sergio Perez","Red Bull Racing RBPT",4,71,"+18.097",15,"No",01:21:00
"384","Mexico","4",63,"George Russell","Mercedes",2,71,"+49.431",13,"Yes",01:20:00
"385","Mexico","5",55,"Carlos Sainz","Ferrari",5,71,"+58.123",10,"No",01:22:00
"386","Mexico","6",16,"Charles Leclerc","Ferrari",7,71,"+68.774",8,"No",01:22:00
"387","Mexico","7",3,"Daniel Ricciardo","McLaren Mercedes",11,70,"+1 lap",6,"No",01:22:00
"388","Mexico","8",31,"Esteban Ocon","Alpine Renault",10,70,"+1 lap",4,"No",01:23:00
"389","Mexico","9",4,"Lando Norris","McLaren Mercedes",8,70,"+1 lap",2,"No",01:23:00
"390","Mexico","10",77,"Valtteri Bottas","Alfa Romeo Ferrari",6,70,"+1 lap",1,"No",01:23:00
"391","Mexico","11",10,"Pierre Gasly","AlphaTauri RBPT",14,70,"+1 lap",0,"No",01:22:00
"392","Mexico","12",23,"Alexander Albon","Williams Mercedes",17,70,"+1 lap",0,"No",01:22:00
"393","Mexico","13",24,"Guanyu Zhou","Alfa Romeo Ferrari",12,70,"+1 lap",0,"No",01:22:00
"394","Mexico","14",5,"Sebastian Vettel","Aston Martin Aramco Mercedes",16,70,"+1 lap",0,"No",01:23:00
"395","Mexico","15",18,"Lance Stroll","Aston Martin Aramco Mercedes",20,70,"+1 lap",0,"No",01:22:00
"396","Mexico","16",47,"Mick Schumacher","Haas Ferrari",15,70,"+1 lap",0,"No",01:23:00
"397","Mexico","17",20,"Kevin Magnussen","Haas Ferrari",19,70,"+1 lap",0,"No",01:23:00
"398","Mexico","18",6,"Nicholas Latifi","Williams Mercedes",18,69,"+2 laps",0,"No",01:23:00
"399","Mexico","19",14,"Fernando Alonso","Alpine Renault",9,63,"DNF",0,"No",01:22:00
"400","Mexico","NC",22,"Yuki Tsunoda","AlphaTauri RBPT",13,50,"DNF",0,"No",01:23:00
"401","Brazil","1",63,"George Russell","Mercedes",1,71,"1:38:34.044",26,"Yes",01:13:00
"402","Brazil","2",44,"Lewis Hamilton","Mercedes",2,71,"+1.529",18,"No",01:13:00
"403","Brazil","3",55,"Carlos Sainz","Ferrari",7,71,"+4.051",15,"No",01:13:00
"404","Brazil","4",16,"Charles Leclerc","Ferrari",5,71,"+8.441",12,"No",01:14:00
"405","Brazil","5",14,"Fernando Alonso","Alpine Renault",17,71,"+9.561",10,"No",01:14:00
"406","Brazil","6",1,"Max Verstappen","Red Bull Racing RBPT",3,71,"+10.056",8,"No",01:14:00
"407","Brazil","7",11,"Sergio Perez","Red Bull Racing RBPT",4,71,"+14.080",6,"No",01:14:00
"408","Brazil","8",31,"Esteban Ocon","Alpine Renault",16,71,"+18.690",4,"No",01:15:00
"409","Brazil","9",77,"Valtteri Bottas","Alfa Romeo Ferrari",14,71,"+22.552",2,"No",01:15:00
"410","Brazil","10",18,"Lance Stroll","Aston Martin Aramco Mercedes",15,71,"+23.552",1,"No",01:14:00
"411","Brazil","11",5,"Sebastian Vettel","Aston Martin Aramco Mercedes",9,71,"+26.183",0,"No",01:15:00
"412","Brazil","12",24,"Guanyu Zhou","Alfa Romeo Ferrari",13,71,"+29.325",0,"No",01:15:00
"413","Brazil","13",47,"Mick Schumacher","Haas Ferrari",12,71,"+29.899",0,"No",01:15:00
"414","Brazil","14",10,"Pierre Gasly","AlphaTauri RBPT",10,71,"+31.867",0,"No",01:15:00
"415","Brazil","15",23,"Alexander Albon","Williams Mercedes",19,71,"+36.016",0,"No",01:15:00
"416","Brazil","16",6,"Nicholas Latifi","Williams Mercedes",18,71,"+37.038",0,"No",01:15:00
"417","Brazil","17",22,"Yuki Tsunoda","AlphaTauri RBPT",20,71,"+1 lap",0,"No",01:15:00
"418","Brazil","NC",4,"Lando Norris","McLaren Mercedes",6,50,"DNF",0,"No",01:15:00
"419","Brazil","NC",20,"Kevin Magnussen","Haas Ferrari",8,0,"DNF",0,"No",NA
"420","Brazil","NC",3,"Daniel Ricciardo","McLaren Mercedes",11,0,"DNF",0,"No",NA
"421","Abu Dhabi","1",1,"Max Verstappen","Red Bull Racing RBPT",1,58,"1:27:45.914",25,"No",01:29:00
"422","Abu Dhabi","2",16,"Charles Leclerc","Ferrari",3,58,"+8.771",18,"No",01:29:00
"423","Abu Dhabi","3",11,"Sergio Perez","Red Bull Racing RBPT",2,58,"+10.093",15,"No",01:28:00
"424","Abu Dhabi","4",55,"Carlos Sainz","Ferrari",4,58,"+24.892",12,"No",01:28:00
"425","Abu Dhabi","5",63,"George Russell","Mercedes",6,58,"+35.888",10,"No",01:28:00
"426","Abu Dhabi","6",4,"Lando Norris","McLaren Mercedes",7,58,"+56.234",9,"Yes",01:28:00
"427","Abu Dhabi","7",31,"Esteban Ocon","Alpine Renault",8,58,"+57.240",6,"No",01:29:00
"428","Abu Dhabi","8",18,"Lance Stroll","Aston Martin Aramco Mercedes",14,58,"+76.931",4,"No",01:29:00
"429","Abu Dhabi","9",3,"Daniel Ricciardo","McLaren Mercedes",13,58,"+83.268",2,"No",01:30:00
"430","Abu Dhabi","10",5,"Sebastian Vettel","Aston Martin Aramco Mercedes",9,58,"+83.898",1,"No",01:30:00
"431","Abu Dhabi","11",22,"Yuki Tsunoda","AlphaTauri RBPT",11,58,"+89.371",0,"No",01:29:00
"432","Abu Dhabi","12",24,"Guanyu Zhou","Alfa Romeo Ferrari",15,57,"+1 lap",0,"No",01:29:00
"433","Abu Dhabi","13",23,"Alexander Albon","Williams Mercedes",19,57,"+1 lap",0,"No",01:29:00
"434","Abu Dhabi","14",10,"Pierre Gasly","AlphaTauri RBPT",17,57,"+1 lap",0,"No",01:31:00
"435","Abu Dhabi","15",77,"Valtteri Bottas","Alfa Romeo Ferrari",18,57,"+1 lap",0,"No",01:30:00
"436","Abu Dhabi","16",47,"Mick Schumacher","Haas Ferrari",12,57,"+1 lap",0,"No",01:29:00
"437","Abu Dhabi","17",20,"Kevin Magnussen","Haas Ferrari",16,57,"+1 lap",0,"No",01:31:00
"438","Abu Dhabi","18",44,"Lewis Hamilton","Mercedes",5,55,"DNF",0,"No",01:29:00
"439","Abu Dhabi","19",6,"Nicholas Latifi","Williams Mercedes",20,55,"DNF",0,"No",01:30:00
"440","Abu Dhabi","NC",14,"Fernando Alonso","Alpine Renault",10,27,"DNF",0,"No",01:30:00
